Year,Stock
2015,6600
2013,78943
2011,4530
2009,22308
2007,5189
2005,3134
2003,4771
2001,3838
1999,860
1997,75
1995,350
1993,NA
1991,NA
1989,330
1987,700
1985,32650
1983,15000
1981,NA
1979,200
1977,2100
1975,2500
1973,7000
1971,3500
1969,1500
1967,3500
1965,15000
1963,7500
1961,15000
1959,35000
1957,35000
1955,7500
1953,7500
